[
  {
    "category": "Утюжки и плойки для волос",
    "create_date": "12/05/2020",
    "description": "Аккумуляторная-сетевая машинка для стрижки волос Andis Cordless Uspro Li Fade 73060 - профессиональная машинка от Andis, предназначенная для окантовочных техник, для создания фейдов и тейперинга.\n\n \n\nМашинка для стрижки с комбинированным питанием Andis Cordless Uspro Li Fade 73060  преимущества и особенности:\n\nОчень мощный роторный мотор - 6000 об/мин;\nУдаропрочный эргономичный корпус;\nКомбинированное питание - от литий ионного аккумлятора и от сети;\nВремя автономной работы - до 120 мин;\nПолная зарядка аккумулятора занимает 90 мин;\nПремиальный нож из нержавеющей углеродной стали;\nРегулируемая высота среза – от 0.2 - 0.5 мм;\nШирина ножевого блока - 46 мм;\nПластиковая петля для подвешивания;\nВес – 280 гр;\nРазмер - 170 x 40 x 55 мм.\n\n \n\nПрофессиональная машинка для стрижки волос Andis Cordless Uspro Li Fade 73060 комплектация:\n\n5 насадок - 0 (1/16\") 1.5 мм, 1/2 (3/32\") 2.25 мм, 1 (1/8\") 3 мм, 1-1/2 (3/16\") 4.5 мм, 2 (1/4\") 6 мм;\nзащитный колпачок для ножа;\nзарядное устройство;\nсмазочное масло;\nщеточка для чистки.\n\nСделано в США. \n\nХарактеристики\n\nОсновные\nСтрана производства\tСША\nПривод\tРоторный мотор - 6000 об/мин\nВремя зарядки аккумулятора\t90 мин\nВремя автономной работы\t120 мин\nАккумулятор\tЛитий-ионный\nШирина ножа\t46 мм\nВысота среза\t0.2 - 0.5 мм\nГабариты\nРазмеры\t170 x 40 x 55 мм\nВес\t280 г\n\nГарантийный срок 12 месяцев",
    "photo_urls": "https://profistyle.by/image/cache//catalog/1ctovar/73060-500x500.jpg",
    "price": {
      "unit": 1,
      "value": 204.61
    },
    "rating": 0,
    "sub_category": 1,
    "sub_title": "",
    "title": "Andis (машинка для стрижки, CORDLESS FADE ANDIS NATION™, аккумуляторная, 5 насадок) в Минске",
    "update_date": "12/05/2020",
    "link_to_product": "https://profistyle.by/andis-mashinka-dlya-strizhki-cordless-fade-andis-nationtm-akkumulyatornaya-5-nasadok.html"
  },
  {
    "category": "Утюжки и плойки для волос",
    "create_date": "12/05/2020",
    "description": "ANDIS SLIMLINE PRO D-8\n\nАртикул: 32445\n\nО товаре:Аккумуляторный триммер с роторным типом двигателя, компактный корпус, Т-образный нож\n\nТехнические данные модели ANDIS SLIMLINE PRO D-8\n\nТип: Триммер для стрижки волос.\nПрямое назначение: для стрижки людей.\nТип двигателя: Роторный.\nКоличество срезов в минуту: 6000.\nТип ножевого блока: Нерегулируемый.\nШирина ножевого блока: 32 мм.\nВысота среза: 0,1 мм.\nМатериал ножевого блока: Углеродная сталь.\nСпособ регулировки высоты среза: Насадки.\nТип питания: Аккумулятор и сеть.\nТип аккумулятора: Li-Ion.\nВремя работы: 120 мин.\nВремя зарядки: 2 часа 30 мин.\nМатериал корпуса: Полимер.\nДлина сетевого провода: 2,8 м.\nГабариты (ДШВ) : 140х30х30 мм.\nВес: 136 г.\nОсобенности модели: Высокая частота среза. Сниженная вибрация. Очень маленький вес. Световой индикатор. Минимальная высота среза.\nСтрана производства: США.\n\nКомплектация ANDIS SLIMLINE PRO D-8\n\nТриммер для стрижки ANDIS SLIMLINE PRO D-8.\nСтанция для зарядки триммера.\nСменные пластиковые насадки 4 шт.: №0 (1/16\") 1.5 мм, №1 (1/8\") 3 мм, №2 (1/4\") 6 мм, №3 (3/8\") 10 мм.\nМасло для смазки ножевого блока 7,5 мл.\nЩетка для чистки машинки.\nТехническая документация.\nГарантийный талон на срок 12 месяцев.\nСкорость движения ножа, Об./мин.:\t6000\nТип двигателя:\tРоторный\nТип ножа:\tОткручиваемый\nТип питания:\tАккумулятор/сеть\n\nДанный электроинструмент Andis имеет силовую вилку евростандарта адаптированную под сеть 220 В.\nГарантийный срок 12 месяцев",
    "photo_urls": "https://profistyle.by/image/cache//catalog/1ctovar/32445-500x500.jpg",
    "price": {
      "unit": 1,
      "value": 199.08
    },
    "rating": 0,
    "sub_category": 1,
    "sub_title": "",
    "title": "Andis (машинка для стрижки, D-8, SLIMLINE® PRO Li, T-Blade, Silver, окантовочная, 4 насадки) в Минске",
    "update_date": "12/05/2020",
    "link_to_product": "https://profistyle.by/andis-mashinka-dlya-strizhki-d-8-slimliner-pro-li-t-blade-silver-okantovochnaya-4-nasadki.html"
  },
  {
    "category": "Утюжки и плойки для волос",
    "create_date": "12/05/2020",
    "description": "Andis Pro Alloy Fade 69150 AAC-1 - профессиональная машинка с сетевым питанием, синего цвета. Оснащена мощным магнитным мотором, который выдает до 6000 оборотов в минуту.\n\nСетевая модель предназначена для создания фейдов и тейперинга, разработанная для барберов, любящих машинки потяжелее, которые хорошо ощущаются в руке. Вес машинки - 620 грамм, он не самый легкий среди машинок с магнитным мотором, но отлично компенсируется фирменной эргономичной формой корпуса от Andis.\n\nОтличная эргономика, машинка Pro Alloy Fade хорошо лежит в руке. Ход ножа дает возможность делать плавные переходы не используя промежуточные насадки. Нож дает мягкий срез, отлично подойдет для «фейдов» меньше 6 мм и «тейперинга».\n\nМеталлический корпус машинки Andis манит своей прохладой! Корпус сделан из прочного алюминиевого сплава, а верхняя часть из матового карбона. Благодаря матовому покрытию верхней части корпуса машинка не скользит в руке даже во время очень продолжительной работы.\n\nПреимущество этой машинки - запатентованная технология XTR от ANDIS. Любая продолжительность стрижки не влияет на нагрев мотора до критической температуры, как бы долго вы не работали этой машинкой. Это существенное преимущество перед остальными машинками с магнитным и анкерным мотором.\n\nОсобенности и технические характеристики профессиональной машинки Andis 69150 AAC-1:\n\nМотор: магнитный, 6000 об/мин\nМощность - 7.5 Вт\nПитание: сетевое\nМеталлический нож\nШирина ножевого блока: 46 мм\nДлина среза ножом: 0,2-0,5 мм\nВес: 620 г\nЦвет: синий\nВ комплектацию входит: 5 насадок (1,5/2,4/3/4,5/6 мм), масло для ножевого блока (7.5 мл) и щеточка для чистки\n\nОсобенности\n\nКоличество насадок: 5\n\nЦвет: синий\n\nМощность (Вт): 7.5\n\nВысота среза (мм): 0.2 - 0.5\n\nПитание: сетевая\n\nТип лезвия: металическое\n\nТип машинки: магнитная\n\nШирина ножа (мм): 46\n\nГарантийный срок 12 месяцев",
    "photo_urls": "https://profistyle.by/image/cache//catalog/1ctovar/69150-500x500.jpg",
    "price": {
      "unit": 1,
      "value": 221.2
    },
    "rating": 0,
    "sub_category": 1,
    "sub_title": "",
    "title": "Andis (машинка для стрижки, ProAlloy™, 5 насадок) в Минске",
    "update_date": "12/05/2020",
    "link_to_product": "https://profistyle.by/andis-mashinka-dlya-strizhki-proalloytm-5-nasadok.html"
  },
  {
    "category": "Утюжки и плойки для волос",
    "create_date": "12/05/2020",
    "description": "Машинка для стрижки волос Andis LCL-2 Li 5 Supra 73505\n\nОписание:\n\nБеспроводная парикмахерская машинка Andis Supra Li 5 LCL2 Clipper рекомендована для стрижки волос любой структуры и густоты. Машинка справляется с массой волос, плавными переходами длины.\n\nИнструмент работает от литий-ионного аккумулятора или шнура. Время автономной работы до 120 мин. Полная зарядка занимает 90 мин. Машинку подключают к шнуру, чтобы закончить стрижку, когда батарея разрядилась. (Во время питания от сети аккумулятор не заряжается.)\n\nВ комплекте регулируемый ножевой блок Andis LCL-2 Adjustable Blade 73510 с 5 уровнями длины стрижки в диапазоне 0,25—2,4 мм. Лезвия сделаны от твердой хромированной стали. Хромирование повышает устойчивость металла к коррозии и защищает от ржавчины. Гармошка на гребенке увеличивает теплоотдачу, чтобы нож дольше оставался холодным. Дополнительные 6 уровней 3—25 мм доступны парикмахеру при установке сдвижных пластиковых насадок из набора.\n\nЛегкий и эргономичный корпус разработан для комфортной работы и уверенного контроля за срезом. Роторный двигатель работает тихо, не перегреваясь при продолжительных стрижках.\n\nСовет. Первый раз зарядите машинку в течение 3-5 ч (непрерывно). Следующие зарядки займут 1,5 ч.\n\nХарактеристики: \n\nМатериал корпуса- Полимер\n\nПитание-Аккумулятор (Li-Ion) или сеть (комбинированное)\n\nНапряжение-100-240 В / 50 Гц\n\nВремя автономной работы - До 120 мин.\n\nВремя заряда аккумулятора - 90 мин.\n\nИндикация - Есть, светодиодная\n\nМотор - Роторный\n\nКоличество скоростей -  1, 5500 об/мин\n\nДлина стрижки -  Регулируемый нож от 0,25 до 2,4 мм (5 положений) + насадки 3, 6, 10, 13, 19, 25 мм (механизм Slide On)\n\nШирина ножа - 40 мм\n\nБыстрая смена ножа -  Да (система Snap Off)\n\nВес -  280 г\n\nЦвет-  Серебристый (Brushed Nickel)\n\nСтрана-производитель - США\n\nКомплектация: Машинка, зарядная подставка, зарядное устройство (4.5 В, 1.2 А), масло для смазки ножа, шесть насадок от 3 до 25 мм, адаптеры для розеток разных стран (Великобритания, Австралия).\n\nГарантийный срок 12 месяцев",
    "photo_urls": "https://profistyle.by/image/cache//catalog/1ctovar/73505-500x500.jpg",
    "price": {
      "unit": 1,
      "value": 232.26
    },
    "rating": 0,
    "sub_category": 1,
    "sub_title": "",
    "title": "Andis (машинка для стрижки, SUPRA LI 5, аккумуляторная, 6 насадок) в Минске",
    "update_date": "12/05/2020",
    "link_to_product": "https://profistyle.by/andis-mashinka-dlya-strizhki-supra-li-5-akkumulyatornaya-6-nasadok.html"
  },
  {
    "category": "Утюжки и плойки для волос",
    "create_date": "12/05/2020",
    "description": "Cетевая машинка для стрижки волос Andis Ultra Clip PM-10 19050 с  пивотным мотором.  \n\nСетевая машинка для стрижки волос Andis Ultra Clip PM-10 19050 преимущества и особенности:\n\nодинаково хорошо работает как на сухих, так и на влажных волосах;\nрегулируемая высота среза от 0,5 мм до 2,4 мм;\nоснащена высококачественным ножом из легированной стали;\nбез возможности регулировки скорости мотора;\n4 насадки в комплекте.\nвес 0,04кг\n\n \n\nAndis Ultra Clip PM-10 19050 комплектация: \n\n4 насадки -  1 (1/8\") 3 мм, 2 (1/4\") 6 мм, 3 (3/8\") 10 мм, 4 (1/2\") 13 мм\nщеточка для очистки;\nмасло.\n\nХарактеристики\n\nОсновные\nПривод\t пивотный мотор - 3000 об/мин\nКоличество скоростей\t1\nКоличество ножей в комплекте\t1 шт\nВысота среза\t0,5-2,4 мм\n \n\n \n\nСтрана изготовления: Китай . Страна ввоза: США\n\nГарантийный срок 6 месяцев",
    "photo_urls": "https://profistyle.by/image/cache//catalog/1ctovar/19050-500x500.jpg",
    "price": {
      "unit": 1,
      "value": 44.24
    },
    "rating": 0,
    "sub_category": 1,
    "sub_title": "",
    "title": "Andis (машинка для стрижки, ULTRA CLIP®, 4 насадки) в Минске",
    "update_date": "12/05/2020",
    "link_to_product": "https://profistyle.by/andis-mashinka-dlya-strizhki-ultra-clipr-4-nasadki.html"
  },
  {
    "category": "Утюжки и плойки для волос",
    "create_date": "12/05/2020",
    "description": "Машинка для стрижки собак и кошек Andis AGC Super 2-Speed 23145\n\nС мощным двух скоростным роторным мотором.\nМодель AGC2\nАртикул 23145\nСъемный нож 1,5мм\n1 скорость 3400 об./мин 2 скорость 4400 об./мин\nЛезвие изготовлено из высоко прочной нержавеющей стали\nМотор мощностью 35 Ватт, не требует смазки и профилактики, работает чрезвычайно тихо, без воздушного охлаждения.\nВстроена защита от попадания внутрь машинки состригаемой шерсти.\nКорпус ударопрочный изготовлен из пластика с высоким содержанием нейлона, не поддается влиянию агрессивных химических веществ.\nЕсть  замок ножей от случайного снятия, блокировка переключателя от случайного выключения.\n\nСрок службы угольных щеток 2500 часов (10 лет).\n\nРазмеры и вес машинки 180х40х30,  620г. \n\nГарантия 1 год.",
    "photo_urls": "https://profistyle.by/image/cache//catalog/1ctovar/23145-500x500.jpg",
    "price": {
      "unit": 1,
      "value": 364.98
    },
    "rating": 0,
    "sub_category": 1,
    "sub_title": "",
    "title": "Машинка для стрижки Andis (ANIMAL, AGC Super 2-Speed) в Минске",
    "update_date": "12/05/2020",
    "link_to_product": "https://profistyle.by/mashinka-dlya-strizhki-andis-animal-agc-super-2-speed.html"
  },
  {
    "category": "Утюжки и плойки для волос",
    "create_date": "12/05/2020",
    "description": "Технические данные модели Andis Power Groom+\n\nТип: Машинка для груминга животных.\nПрямое назначение: для стрижки собак и кошек.\nТип двигателя: Роторный.\nКоличество скоростей: 5.\nКоличество срезов в минуту: 2500/ 5000.\nТип ножевого блока:Ножевой блок AndisUltra Edge size 10, стандарт А5.\nВысота среза: 1,5 мм.\nВысота среза по классификации США: Size 10.\nШирина ножевого блока: 49 мм.\nМатериал ножевого блока: Углеродистаясталь.\nТип питания: Только сеть. (Для работы от аккумулятора приобретается отдельно аккумулятор и з.у.).\nМатериал корпуса: Полимер.\nДлина сетевого провода зарядной станции: 2,8 м.\nГабариты (ДШВ) : 190х46х40 мм.\nВес: 410 г.\nОсобенности модели: Высокая частота среза. Сниженная вибрация. Защита для блока питания от скачков напряжения. Возможна работа от аккумулятора.\nСтрана производства: США.\n\nКомплектация Andis Power Groom+\n\nМашинка для стрижки Andis Power Groom+.\nЗапасная кулиса для ножа.\nМасло для смазки ножевого блока 118 мл.\nПереходник на сетевую вилку под стандарт UK/Europe/Australia.\nТехническая документация.\nГарантийный талон на срок 12 месяцев.\nДля животных:\tВсех пород\nКол-во скоростей:\t5\nКрепление ножа:\tСтандарт А5\nСкорость движения ножа, об./мин.:\t5000\nТип двигателя:\tРоторный\nТип питания:\tСеть/аккумулятор\n\nДанный электроинструмент Andis имеет силовую вилку евростандарта адаптированную под сеть 220 В.",
    "photo_urls": "https://profistyle.by/image/cache//catalog/1ctovar/63200-500x500.jpg",
    "price": {
      "unit": 1,
      "value": 420.28
    },
    "rating": 0,
    "sub_category": 1,
    "sub_title": "",
    "title": "Машинка для стрижки Andis (ANIMAL, Power Groom+) в Минске",
    "update_date": "12/05/2020",
    "link_to_product": "https://profistyle.by/mashinka-dlya-strizhki-andis-animal-power-groom.html"
  },
  {
    "category": "Утюжки и плойки для волос",
    "create_date": "12/05/2020",
    "description": "ANDIS CORDLESS US PRO LI\n\nАртикул:73010\n\nО товаре:Аккумуляторная машинка с комбинированным типом питания, облегченный и эргономичный корпус, регулируемый высокоскоростной нож из углеродной стали\n\nТехнические данные модели Andis Cordless USPRO LI\n\nТип: Машинка для стрижки волос.\nПрямое назначение: для стрижки людей.\nТип двигателя: Роторный.\nКоличество срезов в минуту: 5500.\nТип ножевого блока: Ножевой блок только для модели CORDLESS US PRO LI, регулируемый.\nШирина ножевого блока: 46 мм.\nВысота среза: 0,2 - 2,4 мм.\nМатериал ножевого блока: Углеродная сталь.\nСпособ регулировки высоты среза: Насадки и поворотный рычаг.\nТип питания: Аккумулятор и сеть.\nТип аккумулятора: Li-ION.\nВремя работы: 2 ч.\nВремя зарядки: 90 мин.\nМатериал корпуса: Полимер.\nДлина сетевого провода: 1,8 м.\nГабариты (ДШВ) : 170х40х55 мм.\nВес: 281 г.\nОсобенности модели: Эргономичный корпус модели. Высокая частота среза. Сниженная вибрация. Очень маленький вес.\nСтрана производства: США.\n\nКомплектация Andis Cordless USPRO LI\n\nМашинка для стрижки Andis Cordless USPRO LI.\nСменные пластиковые насадки 9 шт.: №0 (1/16\") 1.5 мм, №1 (1/8\") 3 мм, №2 (1/4\") 6 мм, №3 (3/8\") 10 мм, №4 (1/2\") 13 мм, №5 (5/8\") 16 мм, №6 (3/4\") 19 мм, №7 (7/8\") 22 мм, №8 (1\") 25 мм.\nМасло для смазки ножевого блока 7,5 мл.\nЩетка для чистки машинки.\n3 силовые вилки для блока питания, под стандарты розеток: Brazil, Europe, Australia.\nТехническая документация.\nГарантийный талон на срок 12 месяцев.\nКрепление ножа:\tИндивидуальное под модель\nСкорость движения ножа, об./мин.:\t5500\nСпособ съема ножа:\tОткручиваемый\nТип двигателя:\tРоторный\nТип ножа:\tРегулируемый\nТип питания:\tСеть и аккумулятор\nЦвет:\tСеребристый\n\nДанный электроинструмент Andis имеет силовую вилку евростандарта адаптированную под сеть 220 В.\n",
    "photo_urls": "https://profistyle.by/image/cache//catalog/1ctovar/73010-500x500.jpg",
    "price": {
      "unit": 1,
      "value": 199.08
    },
    "rating": 0,
    "sub_category": 1,
    "sub_title": "",
    "title": "Машинка для стрижки Andis (cordless USPRo Li, аккумуляторна, 9 насадки) в Минске",
    "update_date": "12/05/2020",
    "link_to_product": "https://profistyle.by/mashinka-dlya-strizhki-andis-cordless-uspro-li-akkumulyatorna-9-nasadki.html"
  },
  {
    "category": "Утюжки и плойки для волос",
    "create_date": "12/05/2020",
    "description": "ANDIS RACD\n\nАртикул: 60760\n\nО товаре:Роторный тип двигателя, нержавеющий противоударный корпус, нож из легированной стали\n\nТехнические данные модели Andis RACD\n\nТип: Машинка для стрижки волос.\nПрямое назначение: для стрижки людей.\nТип двигателя: Роторный.\nМощность: 20 Вт.\nКоличество срезов в минуту: 3800.\nТип ножевого блока: Стандартный ножевой блок только для модели RACD, не регулируемый, легкосъемный.\nШирина ножевого блока: 46 мм.\nВысота среза: 0,5 мм.\nМатериал ножевого блока: Нержавеющая сталь.\nСпособ регулировки высоты среза: Насадки.\nТип питания: Только сеть.\nМатериал корпуса: Полимер.\nДлина сетевого провода: 2,5 м.\nГабариты (ДШВ) : 155х48х55 мм.\nВес: 410 г.\nОсобенности модели: Эргономичный корпус модели. Высокая частота среза. Сниженная вибрация.\nСтрана производства: Китай.\nКрепление ножа:\tИндивидуальное под модель\nСкорость движения ножа, об./мин.:\t3800\nСпособ съема ножа:\tЛегкосъемный\nТип двигателя:\tРоторный\nТип ножа:\tНерегулируемый\nТип питания:\tСеть 220В\nЦвет:\tХром\n\nКомплектация Andis RACD\n\nМашинка для стрижки Andis RACD + 1 ножевой блок высота среза 0,5 мм.\nСменные пластиковые насадки 6 шт.: №0 (1/16\") 1.5 мм, №1 (1/8\") 3 мм, №2 (1/4\") 6 мм, №4 (1/2\") 13 мм, №6 (3/4\") 19 мм, №8 (1\") 25 мм.\nМасло для смазки ножевого блока 7,5 мл.\nЩетка для чистки машинки.\n3 силовые вилки для блока питания, под стандарты розеток: UK/CE/AUS.\nТехническая документация.\n\nАбсолютно весь электроинструмент Andis имеет силовую вилку евростандарта адаптированную под сеть 220 В.",
    "photo_urls": "https://profistyle.by/image/cache//catalog/1ctovar/60760-500x500.jpg",
    "price": {
      "unit": 1,
      "value": 77.42
    },
    "rating": 0,
    "sub_category": 1,
    "sub_title": "",
    "title": "Машинка для стрижки Andis (EASY CLIP™, 6 насадок, роторная, 20W) в Минске",
    "update_date": "12/05/2020",
    "link_to_product": "https://profistyle.by/mashinka-dlya-strizhki-andis-easy-cliptm-6-nasadok-rotornaya-20w.html"
  },
  {
    "category": "Утюжки и плойки для волос",
    "create_date": "12/05/2020",
    "description": "ANDIS FADE\n\nАртикул: 66375\n\nО товаре:Электромагнитный тип двигателя, эргономичный дизайн корпуса, регулируемый высокоскоростной нож из легированной стали\n\nТехнические данные модели Andis Fade\n\nТип: Машинка для стрижки волос.\nПрямое назначение: для стрижки людей.\nТип двигателя: Электромагнитный.\nМощность: 8 Вт.\nКоличество срезов в минуту: 7200.\nТип ножевого блока: Стандартный ножевой блок, с регулировкой высоты среза.\nШирина ножевого блока: 46 мм.\nВысота среза: 0,2 - 0,5 мм.\nМатериал ножевого блока: Углеродная сталь.\nСпособ регулировки высоты среза: Плавное передвижение рычага.\nТип питания: Только сеть.\nМатериал корпуса: Полимер.\nДлина сетевого провода: 2,5 м.\nГабариты: 185х60х48 мм.\nВес: 480 г.\nОсобенности модели: Идеально подходит для плавного перехода (фейдинга).\nСтрана производства: США.\nКрепление ножа:\tИндивидуальное под модель\nСкорость движения ножа, об./мин.:\t7200\nСпособ съема ножа:\tОткручиваемый\nТип двигателя:\tЭлектромагнитный\nТип ножа:\tРегулируемый\nТип питания:\tСеть 220В\nЦвет:\tЗолотой\n\nКомплектация Andis Fade\n\nМашинка для стрижки Andis Fade.\nСменные пластиковые насадки, 5 шт.: №0 (1/16\") 1,5mm, №1/2 (3/32\") 2,4mm, №1 (1/8\") 3mm, №1-1/2 (3/16\") 4,5mm, №2 (1/4\") 6mm;\nМасло для смазки ножевого блока 7,5 мл.\nЩетка для чистки машинки.\nТехническая документация.\nГарантийный талон на срок 12 месяцев.\n\nДанный электроинструмент Andis имеет силовую вилку евростандарта адаптированную под сеть 220 В.",
    "photo_urls": "https://profistyle.by/image/cache//catalog/1ctovar/66375-500x500.jpg",
    "price": {
      "unit": 1,
      "value": 149.31
    },
    "rating": 0,
    "sub_category": 1,
    "sub_title": "",
    "title": "Машинка для стрижки Andis (FADE™, GOLD, Adjustable Blade Clipper, 5 насадок) в Минске",
    "update_date": "12/05/2020",
    "link_to_product": "https://profistyle.by/mashinka-dlya-strizhki-andis-fadetm-gold-adjustable-blade-clipper-6-nasadok.html"
  },
  {
    "category": "Утюжки и плойки для волос",
    "create_date": "12/05/2020",
    "description": "ANDIS USPRO\n\nАртикул: 66220\n\nО товаре:Электромагнитный тип двигателя, эргономичный дизайн корпуса, регулируемый высокоскоростной нож из легированной стали\n\nТехнические данные модели Andis USPRO\n\nТип: Машинка для стрижки волос.\nПрямое назначение: для стрижки людей.\nТип двигателя: Электромагнитный.\nМощность: 8 Вт.\nКоличество срезов в минуту: 7200.\nТип ножевого блока: Стандартный ножевой блок, с регулировкой высоты среза.\nШирина ножевого блока: 46 мм.\nВысота среза: 0,2 - 2,4 мм.\nМатериал ножевого блока: Углеродная сталь.\nСпособ регулировки высоты среза: Плавное передвижение рычага.\nТип питания: Только сеть.\nМатериал корпуса: Полимер.\nДлина сетевого провода: 2,5 м.\nГабариты: 185х60х48 мм.\nВес: 480 г.\nОсобенности модели: Эргономичный корпус модели. Высокая частота среза.\nСтрана производства: США.\n\nКомплектация Andis USPRO\n\nМашинка для стрижки Andis USPRO.\nСменные пластиковые насадки, 6 шт.: №1 (1/8\") 3mm, №2 (1/4\") 6mm, №3 (3/8\") 10mm, №4 (1/2\") 13mm, №6 (3/4\") 19mm, №8 (1\") 25mm);\nМасло для смазки ножевого блока 7,5 мл.\nЩетка для чистки машинки.\nТехническая документация.\nГарантийный талон на срок 12 месяцев.\n\nАбсолютно весь электроинструмент Andis имеет силовую вилку евростандарта адаптированную под сеть 220 В.\n\n\nКрепление ножа:\tИндивидуальное под модель\nСкорость движения ножа, об./мин.:\t7200\nСпособ съема ножа:\tОткручиваемый\nТип двигателя:\tЭлектромагнитный\nТип ножа:\tРегулируемый\nТип питания:\tСеть 220В\nЦвет:\tКрасный",
    "photo_urls": "https://profistyle.by/image/cache//catalog/1ctovar/66220-500x500.jpg",
    "price": {
      "unit": 1,
      "value": 154.84
    },
    "rating": 0,
    "sub_category": 1,
    "sub_title": "",
    "title": "Машинка для стрижки Andis (FADE™, RED, Adjustable Blade Clipper, 6 насадок) в Минске",
    "update_date": "12/05/2020",
    "link_to_product": "https://profistyle.by/mashinka-dlya-strizhki-andis-fadetm-red-adjustable-blade-clipper-6-nasadok.html"
  },
  {
    "category": "Утюжки и плойки для волос",
    "create_date": "12/05/2020",
    "description": "ANDIS IONICA CLIPPER\n\nАртикул: 68225\n\nО товаре:Аккумуляторная машинка для стрижки с съемным аккумулятором, и регулируемым ножевым блоком\n\nТехнические данные модели Andis Ionica Clipper\n\nТип: Машинка для стрижки.\nПрямое назначение: для стрижки людей.\nТип двигателя: Роторный.\nКоличество срезов в минуту: 5500.\nКоличество скоростей: 1.\nТип ножевого блока: Стандартный ножевой блок под модельIonica Clipper.\nШирина ножевого блока: 46 мм.\nВысота среза: регулируемая 0,25/ 0,5/ 1,2/ 1,5/ 2 мм.(5 ступеней).\nВысота среза по классификации США: Size 40/30/15/10/9.\nМатериал ножевого блока: Углеродистая сталь.\nТип питания: Только аккумулятор.\nТип аккумулятора: Li-ION.\nВремя работы: 2 ч.\nВремя зарядки: 90 мин.\nМатериал корпуса: Полимер.\nДлина сетевого провода: 1,8 м.\nГабариты (ДШВ) : 190х46х35 мм.\nВес: 318 г.\nОсобенности модели: Легкосъемный аккумулятор, и возможность приобрести дополнительный. Высокая частота среза. Сниженная вибрация.\nСтрана производства: США.\nКрепление ножа:\tИндивидуальное под модель\nСкорость движения ножа, Об./мин.:\t5500\nСпособ съема ножа:\tЛегкосъемный\nТип двигателя:\tРоторный\nТип ножа:\tРегулируемый\nТип питания:\tАккумулятор\nЦвет:\tКрасный\n\nКомплектация Andis Ionica Clipper\n\nМашинка для стрижки Andis Ionica Clipper.\n1 Аккумулятор.\nСтанция для зарядки аккумулятора.\nМасло для смазки ножевого блока 118 мл.\nКомплект насадок 4 шт.: 1/8\"(3 мм.), 1/4\"(6 мм.), 3/8\"(9 мм.), 1/2\"(13 мм.).\nКомплект силовых вилок для блока питания, под все стандарты розеток.\nТехническая документация.\nГарантийный талон на срок 12 месяцев.\n\nАбсолютно весь электроинструмент Andis имеет силовую вилку евростандарта адаптированную под сеть 220 В.\n",
    "photo_urls": "https://profistyle.by/image/cache//catalog/1ctovar/68225-500x500.jpg",
    "price": {
      "unit": 1,
      "value": 320.74
    },
    "rating": 0,
    "sub_category": 1,
    "sub_title": "",
    "title": "Машинка для стрижки Andis (IONICA™CLIPPER, аккумуляторная, 4 насадки) в Минске",
    "update_date": "12/05/2020",
    "link_to_product": "https://profistyle.by/mashinka-dlya-strizhki-andis-ionicatmclipper-akkumulyatornaya-4-nasadki.html"
  },
  {
    "category": "Утюжки и плойки для волос",
    "create_date": "12/05/2020",
    "description": "ANDIS MASTER\n\nАртикул:01690\n\nО товаре: противоударный корпус, регулируемый нож из высокоуглеродистой стали\n\nТехнические данные модели Andis\n\nТип: Машинка для стрижки волос.\nПрямое назначение: для стрижки людей.\nТип двигателя: Электромагнитный.\nМощность: 15Вт.\nКоличество срезов в минуту: 14000.\nТип ножевого блока: Стандартный ножевой блок, с регулировкой высоты среза.\nШирина ножевого блока: 46 мм.\nВысота среза: 0,1 - 2,4 мм.\nМатериал ножевого блока: Углеродная сталь + технология XTR.\nСпособ регулировки высоты среза: Плавное передвижение рычага.\nТип питания: Только сеть.\nНебьющийся алюминиевый корпус.\nДлина сетевого провода: 2,5 м.\nГабариты: 185х60х48 мм.\nОсобенности модели: Уникальный запатентованный ножевой блок XTR (Extreme Temperature Reduction) - снижение нагрева ножевого блока при интенсивной работе.\nСтрана производства: США.\n\nКомплектация Andis MAster\n\nМашинка для стрижки Andis\nМасло для смазки ножевого блока\nЩетка для чистки машинки.\nТехническая документация.\nГарантийный талон на срок 12 месяцев.",
    "photo_urls": "https://profistyle.by/image/cache//catalog/1ctovar/01557-500x500.jpg",
    "price": {
      "unit": 1,
      "value": 232.26
    },
    "rating": 0,
    "sub_category": 1,
    "sub_title": "",
    "title": "Машинка для стрижки Andis (Master® Adjustable Blade Clipper) в Минске",
    "update_date": "12/05/2020",
    "link_to_product": "https://profistyle.by/mashinka-dlya-strizhki-andis-masterr-adjustable-blade-clipper.html"
  },
  {
    "category": "Утюжки и плойки для волос",
    "create_date": "12/05/2020",
    "description": "ANDISMVP\n\nАртикул:63225\n\nО товаре:Роторный тип двигателя, противоударный прочный корпус, 2 скорости, съемный нож\n\nТехнические данные модели Andis\n\nТип: Машинка для стрижки.\nПрямое назначение: для стрижки людей.\nТип двигателя: Роторный.\nКоличество скоростей: 2.\nКоличество срезов в минуту: 3100/3500.\nТип ножевого блока:Ножевой блок AndisUltra Edge .\nВысота среза: 0,5 мм.\nШирина ножевого блока: 46 мм.\nМатериал ножевого блока: Углеродистаясталь.\nТип питания: Только сеть.\nМатериал корпуса: Полимер.\nДлина сетевого провода зарядной станции: 2,8 м.\nГабариты (ДШВ) : 170х40х35 мм.\nВес: 370 г.\nОсобенности модели: Высокая частота среза. Сниженная вибрация. Уменьшен габарит машинки, идеально ложится в ладонь. Прорезиненная рукоять. Защита для блока питания от скачков напряжения.\nСтрана производства: США.\n\nКомплектация Andis\n\nМашинка для стрижки Andis\nЗапасная кулиса для ножа.\nМасло для смазки ножевого блока 118 мл.\nПереходник на сетевую вилку под стандарт UK/Europe/Australia.\nТехническая документация.\nГарантийный талон на срок 12 месяцев.\n\nДанный электроинструмент Andis имеет силовую вилку евростандарта адаптированную под сеть 220 В.\n",
    "photo_urls": "https://profistyle.by/image/cache//catalog/1ctovar/63225-500x500.jpg",
    "price": {
      "unit": 1,
      "value": 398.16
    },
    "rating": 0,
    "sub_category": 1,
    "sub_title": "",
    "title": "Машинка для стрижки Andis (MVP™, 7 насадок, роторная, 45W) в Минске",
    "update_date": "12/05/2020",
    "link_to_product": "https://profistyle.by/mashinka-dlya-strizhki-andis-mvptm-7-nasadok-rotornaya-45w.html"
  },
  {
    "category": "Утюжки и плойки для волос",
    "create_date": "12/05/2020",
    "description": "",
    "photo_urls": "https://profistyle.by/image/cache//catalog/1ctovar/60250-500x500.jpg",
    "price": {
      "unit": 1,
      "value": 173.64
    },
    "rating": 0,
    "sub_category": 1,
    "sub_title": "",
    "title": "Машинка для стрижки Andis (PRO i120™, аккумуляторная, 5 насадок) в Минске",
    "update_date": "12/05/2020",
    "link_to_product": "https://profistyle.by/mashinka-dlya-strizhki-andis-pro-i120tm-akkumulyatornaya-5-nasadok.html"
  },
  {
    "category": "Утюжки и плойки для волос",
    "create_date": "12/05/2020",
    "description": "ANDIS PROFOIL\n\nАртикул: 17170\n\nО товаре:Роторный тип двигателя, литий-ионный аккумулятор, гипоаллергенная насадка\n\nТехнические данные модели Andis Profoil Lithium\n\nТип: Электробритва-шейвер.\nПрямое назначение: для сухого бритья.\nТип двигателя: Роторный.\nКоличество срезов в минуту: 9000.\nКоличество скоростей: 1.\nТип ножевого блока: две независимые бреющие головки с титановой сеткой.\nШирина ножевого блока: 48 мм.\nВысота среза: полное сбривание волоса.\nМатериал бреющей головки: сетка выполненная из титана, с гипоаллергенным эффектом.\nТип питания: Аккумулятор и сеть.\nТип аккумулятора: Li-ION.\nВремя работы: 80 мин.\nВремя зарядки: 60 мин.\nМатериал корпуса: Полимер.\nДлина сетевого провода: 2,8 м.\nГабариты (ДШВ) : 120х60х30 мм.\nВес: 140 г.\nОсобенности модели: Высокая частота среза. Сниженная вибрация.\nСтрана производства: Китай.\nКрепление ножа:\tИндивидуальное под модель\nСкорость движения ножа, об./мин.:\t9000\nСпособ съема ножа:\tЛегкосъемный\nТип двигателя:\tРоторный\nТип ножа:\tНерегулируемый\nТип питания:\tСеть и аккумулятор\nЦвет:\t\n\nСеребристый\n\nбелый /бордовый\n\nКомплектация Andis Profoil Lithium\n\nМашинка для стрижки Andis Profoil Lithium TS-1 Shaver.\nКомплект силовых вилок для блока питания, под все стандарты розеток.\nЩетка для чистки шейвера.\nТехническая документация.\nГарантийный талон на срок 12 месяцев.\n\nДанный электроинструмент Andis имеет силовую вилку евростандарта адаптированную под сеть 220 В.\n",
    "photo_urls": "https://profistyle.by/image/cache//catalog/1ctovar/17170-500x500.jpg",
    "price": {
      "unit": 1,
      "value": 199.08
    },
    "rating": 0,
    "sub_category": 1,
    "sub_title": "",
    "title": "Машинка для стрижки Andis (ProFoil™ Lithium, для бритья) в Минске",
    "update_date": "12/05/2020",
    "link_to_product": "https://profistyle.by/mashinka-dlya-strizhki-andis-profoiltm-lithium-dlya-britya.html"
  },
  {
    "category": "Утюжки и плойки для волос",
    "create_date": "12/05/2020",
    "description": "ANDIS SUPERLINER+\n\nАртикул: 04840\n\nО товаре:Роторный тип двигателя, Т-образный нож, + бритвенная насадка в комплекте.\n\nТехнические данные модели ANDIS SUPERLINER+\n\nТип: Триммер для стрижки волос.\nПрямое назначение: для стрижки людей.\nТип двигателя: Роторный.\nКоличество срезов в минуту: 4800.\nТип ножевого блока: Нерегулируемый. Легкосъёмный.\nШирина ножевого блока: 41 мм.\nВысота среза: 0,01 мм.\nМатериал ножевого блока: Углеродная сталь.\nСпособ регулировки высоты среза: Насадки./Опциональные ножи/Насадка шейвер.\nТип питания: Только сеть.\nМатериал корпуса: Полимер.\nДлина сетевого провода: 2,8 м.\nГабариты (ДШВ) : 138х45х40 мм.\nВес: 226 г.\nОсобенности модели: Высокая частота среза. Сниженная вибрация. Минимальная высота среза. Насадка для бритья в комплекте. Лучший выбор для работы в салоне.\nСтрана производства: США.\nСкорость движения ножа, Об./мин.:\t4800\nТип двигателя:\tРоторный\nТип ножа:\tЛегкосъёмный\nТип питания:\tСеть\n\nКомплектация ANDIS SUPERLINER+\n\nТриммер для стрижки ANDIS SUPERLINER+.\nДанная модель поставляется в комплекте с насадкой для бритья.\nСменные пластиковые насадки 4 шт.: №0 (1/16\") 1.5 мм, №1 (1/8\") 3 мм, №2 (1/4\") 6 мм, №3 (3/8\") 10 мм.\nМасло для смазки ножевого блока 7,5 мл.\nЩетка для чистки машинки.\n3 силовые вилки для блока питания, под стандарты розеток: Brazil, Europe, Australia.\nТехническая документация.\nГарантийный талон на срок 12 месяцев.\n\nДанный электроинструмент Andis имеет силовую вилку евростандарта адаптированную под сеть 220 В.\n",
    "photo_urls": "https://profistyle.by/image/cache//catalog/1ctovar/04840-500x500.jpg",
    "price": {
      "unit": 1,
      "value": 149.31
    },
    "rating": 0,
    "sub_category": 1,
    "sub_title": "",
    "title": "Машинка для стрижки Andis (Superliner+™, окантовочная, лезвие для бритья, 4насадки) в Минске",
    "update_date": "12/05/2020",
    "link_to_product": "https://profistyle.by/mashinka-dlya-strizhki-andis-superlinertm-okantovochnaya-lezvie-dlya-britya-4nasadki.html"
  },
  {
    "category": "Утюжки и плойки для волос",
    "create_date": "12/05/2020",
    "description": "ANDIS SUPRA ZR\n\nАртикул: 79100\n\nО товаре:Аккумуляторная машинка с 5-ю скоростями, и универсальным крепление под ножевые блоки A5\n\nТехнические данные модели Andis Supra ZR\n\nТип: Машинка для стрижки волос.\nПрямое назначение: для стрижки людей.\nТип двигателя: Роторный.\nКоличество срезов в минуту: 1800 - 3800.\nКоличество скоростей: 5.\nТип ножевого блока: Керамический ножевой блок Andis Ceramic Edge 000, стандарт А5.\nШирина ножевого блока: 49 мм.\nВысота среза: 0,5 мм.\nМатериал ножевого блока: Углеродная сталь и керамика.\nСпособ регулировки высоты среза: Дополнительные насадки и ножевые блоки.\nТип питания: Аккмулятор и сеть.\nТип аккумулятора: Li-ION.\nВремя работы: 2 ч.\nВремя зарядки: 120 мин.\nМатериал корпуса: Полимер.\nДлина сетевого провода: 1,8 м.\nГабариты (ДШВ) : 200х40х45 мм.\nВес: 490 г.\nОсобенности модели: Эргономичный корпус модели. Высокая частота среза. Сниженная вибрация. Возможность быстрой смены ножевых блоков.\nСтрана производства: США.\nКрепление ножа:\tУниверсальное для блоков А5\nСкорость движения ножа, Об./мин.:\t3800\nСпособ съема ножа:\tЛегкосъемный\nТип двигателя:\tРоторный\nТип ножа:\tНерегулируемый\nТип питания:\tАккумулятор\nЦвет:\tСеребристый\n\nКомплектация Andis Supra ZR\n\nМашинка для стрижки Andis Supra ZR.\nСтанция для зарядки машинки.\nМасло для смазки ножевого блока 15 мл.\nКомплект силовых вилок для блока питания, под все стандарты розеток.\nТехническая документация.\nГарантийный талон на срок 12 месяцев.\n\nДанный электроинструмент Andis имеет силовую вилку евростандарта адаптированную под сеть 220 В.\n",
    "photo_urls": "https://profistyle.by/image/cache//catalog/1ctovar/79100-500x500.jpg",
    "price": {
      "unit": 1,
      "value": 420.28
    },
    "rating": 0,
    "sub_category": 1,
    "sub_title": "",
    "title": "Машинка для стрижки Andis (Supra ZR™, аккумуляторная, керамический нож) в Минске",
    "update_date": "12/05/2020",
    "link_to_product": "https://profistyle.by/mashinka-dlya-strizhki-andis-supra-zrtm-akkumulyatornaya-keramicheskiy-nozh.html"
  },
  {
    "category": "Утюжки и плойки для волос",
    "create_date": "12/05/2020",
    "description": "ANDIS T-OUTLINER\n\nАртикул:05105\n\nО товаре:Электромагнитный тип двигателя, эргономичный корпус, Т-образный нож из высокоуглеродистой стали\n\n\nТехнические данные модели ANDIS T-OUTLINER\n\nТип: Триммер для стрижки волос.\nПрямое назначение: для стрижки людей.\nТип двигателя: Электромагнитный.\nКоличество срезов в минуту: 7200.\nТип ножевого блока: Нерегулируемый. Откручиваемый.\nШирина ножевого блока: 41 мм.\nВысота среза: 0,01 мм.\nМатериал ножевого блока: Углеродная сталь.\nТип питания: Только сеть.\nМатериал корпуса: Полимер. Ребристая поверхность.\nДлина сетевого провода: Усиленный, 2,5 м.\nГабариты (ДШВ) : 130х45х35 мм.\nВес: 317 г.\nОсобенности модели: Высокая частота среза. Минимальная высота среза. Лучший выбор для работы в салоне. Эксклюзивный \"Old School\"дизайн.\nСтрана производства: США.\nСкорость движения ножа, об./мин.:\t7200\nТип двигателя:\tЭлектромагнитный\nТип ножа:\tОткручиваемый\nТип питания:\tСеть\n\nКомплектация ANDIS T-OUTLINER\n\nТриммер для стрижки ANDIS T-OUTLINER.\nМасло для смазки ножевого блока 7,5 мл.\nЩетка для чистки машинки.\n2 силовые вилки для блока питания, под стандарты розеток: Europe, Australia.\nТехническая документация.\nГарантийный талон на срок 12 месяцев.\n\nАбсолютно весь электроинструмент Andis имеет силовую вилку евростандарта адаптированную под сеть 220 В.",
    "photo_urls": "https://profistyle.by/image/cache//catalog/1ctovar/05105-500x500.jpg",
    "price": {
      "unit": 1,
      "value": 188.02
    },
    "rating": 0,
    "sub_category": 1,
    "sub_title": "",
    "title": "Машинка для стрижки Andis (T-Outliner®, окантовочная) в Минске",
    "update_date": "12/05/2020",
    "link_to_product": "https://profistyle.by/mashinka-dlya-strizhki-andis-t-outlinerr-okantovochnaya.html"
  },
  {
    "category": "Утюжки и плойки для волос",
    "create_date": "12/05/2020",
    "description": "ANDIS CORDLESS T-OUTLINER LI TRIMMER\n\nАртикул: 74005\n\nО товаре:Аккумуляторный триммер для стрижки с роторным типом двигателя, в классическом корпусе.\n\nТехнические данные модели Andis Cordless T-Outliner Li Trimmer\n\nТип: Триммер для стрижки волос.\nПрямое назначение: для стрижки людей.\nТип двигателя: Роторный.\nКоличество срезов в минуту: 7200.\nТип ножевого блока: Нерегулируемый.\nШирина ножевого блока: 41 мм.\nВысота среза: 0,01 мм.\nМатериал ножевого блока: Углеродная сталь.\nСпособ регулировки высоты среза: Насадки.\nТип питания: Аккумулятор и сеть.\nТип аккумулятора: Li-ION.\nВремя работы: 100 мин.\nВремя зарядки: 60 мин.\nМатериал корпуса: Полимер.\nДлина сетевого провода: 2,8 м.\nГабариты (ДШВ) : 135х50х30 мм.\nВес: 217 г.\nОсобенности модели: Высокая частота среза. Сниженная вибрация. Очень маленький вес. Световой индикатор. Минимальная высота среза.\nСтрана производства: США.\nСкорость движения ножа, Об./мин.:\t7200\nТип двигателя:\tРоторный\nТип ножа:\tОткручиваемый\nТип питания:\tАккумулятор/сеть\n\nКомплектация Andis Cordless T-Outliner Li Trimmer\nТриммер для стрижки Andis T-Outliner Li Trimmer.\nСтанция для зарядки триммера.\nСменные пластиковые насадки 4 шт.: №0 (1/16\") 1.5 мм, №1 (1/8\") 3 мм, №2 (1/4\") 6 мм, №3 (3/8\") 9 мм.\nМасло для смазки ножевого блока 7,5 мл.\nЩетка для чистки машинки.\n3 силовые вилки для блока питания, под стандарты розеток: Brazil, Europe, Australia.\nТехническая документация.\nГарантийный талон на срок 12 месяцев.\n\nДанный электроинструмент Andis имеет силовую вилку евростандарта адаптированную под сеть 220 В.",
    "photo_urls": "https://profistyle.by/image/cache//catalog/1ctovar/74005-500x500.jpg",
    "price": {
      "unit": 1,
      "value": 331.8
    },
    "rating": 0,
    "sub_category": 1,
    "sub_title": "",
    "title": "Машинка для стрижки Andis (T-Outliner®, окантовочная, аккумуляторная) в Минске",
    "update_date": "12/05/2020",
    "link_to_product": "https://profistyle.by/mashinka-dlya-strizhki-andis-t-outlinerr-okantovochnaya-akkumulyatornaya.html"
  },
  {
    "category": "Утюжки и плойки для волос",
    "create_date": "12/05/2020",
    "description": "ANDIS TRENDSETTER\n\nАртикул: 24100\n\nО товаре:Пивотный тип двигателя, нержавеющий противоударный корпус, регулируемый нож из легированной стали\n\nТехнические данные модели Andis Trend Setter\n\nТип: Машинка для стрижки волос.\nПрямое назначение: для стрижки людей.\nТип двигателя: Пивотный.\nМощность: 15 Вт.\nКоличество срезов в минуту: 3000.\nТип ножевого блока: Стандартный ножевой блок, с регулировкой высоты среза.\nШирина ножевого блока: 46 мм.\nВысота среза: 0,2 - 2,4 мм.\nМатериал ножевого блока: Углеродная сталь.\nСпособ регулировки высоты среза: Плавное передвижение рычага.\nТип питания: Только сеть.\nМатериал корпуса: Полимер.\nДлина сетевого провода: 2,5 м.\nГабариты (ДШВ) : 155х48х55 мм.\nВес: 410 г.\nОсобенности модели: Эргономичный корпус модели. Высокая частота среза. Сниженная вибрация.\nСтрана производства: Китай.\nКрепление ножа:\tИндивидуальное под модель\nСкорость движения ножа, об./мин.:\t3000\nСпособ съема ножа:\tОткручиваемый\nТип двигателя:\tПивотный\nТип ножа:\tРегулируемый\nТип питания:\tСеть 220В\nЦвет:\tХром\n\nКомплектация Andis Trend Setter\n\nМашинка для стрижки Andis Trend Setter.\nСменные пластиковые насадки 9 шт.: №0 (1/16\") 1.5mm, №1 (1/8\") 3mm, №2 (1/4\") 6mm, №3 (3/8\") 10mm, №4 (1/2\") 13mm, №5 (5/8\") 16mm, №6 (3/4\") 19mm, №7 (7/8\") 22mm, №8 (1\") 25mm\nМасло для смазки ножевого блока 7,5 мл.\nЩетка для чистки машинки.\nТехническая документация.\nГарантийный талон на срок 12 месяцев.\n\nДанный электроинструмент Andis имеет силовую вилку евростандарта адаптированную под сеть 220 В.\n",
    "photo_urls": "https://profistyle.by/image/cache//catalog/1ctovar/24100-500x500.jpg",
    "price": {
      "unit": 1,
      "value": 127.19
    },
    "rating": 0,
    "sub_category": 1,
    "sub_title": "",
    "title": "Машинка для стрижки Andis (TREND SETTER™, 9 насадок, 15W) в Минске",
    "update_date": "12/05/2020",
    "link_to_product": "https://profistyle.by/mashinka-dlya-strizhki-andis-trend-settertm-9-nasadok-15w.html"
  },
  {
    "category": "Утюжки и плойки для волос",
    "create_date": "12/05/2020",
    "description": "ANDISUltra AdvancedMBG2\n\nАртикул:20430\n\nО товаре:Роторный тип двигателя, эргономичный корпус, съемный нож 0,5 мм\n\nТехнические данные модели Andis\n\nТип: Машинка для стрижки.\nПрямое назначение: для стрижки людей.\nТип двигателя: Роторный.\nКоличество скоростей: 1.\nКоличество срезов в минуту: 2700.\nТип ножевого блока:Ножевой блок AndisUltra Edge .\nВысота среза: 0,5 мм.\nШирина ножевого блока: 46 мм.\nМатериал ножевого блока: Углеродистаясталь.\nТип питания: Только сеть.\nМатериал корпуса: Полимер.\nДлина сетевого провода зарядной станции: 2,8 м.\nГабариты (ДШВ) : 190х46х40 мм.\nВес: 410 г.\nОсобенности модели: Высокая частота среза. Сниженная вибрация.\nСтрана производства: США.\n\nКомплектация Andis\n\nМашинка для стрижки Andis\nКомплект пластиковых насадок 6 шт.\nМасло для смазки ножевого блока.\nТехническая документация.\nГарантийный талон на срок 12 месяцев.\n\nДанный электроинструмент Andis имеет силовую вилку евростандарта адаптированную под сеть 220 В.\n",
    "photo_urls": "https://profistyle.by/image/cache//catalog/1ctovar/20430-500x500.jpg",
    "price": {
      "unit": 1,
      "value": 176.96
    },
    "rating": 0,
    "sub_category": 1,
    "sub_title": "",
    "title": "Машинка для стрижки Andis (ULTRA ADVANCED™, 7 насадок, роторная, 20W) в Минске",
    "update_date": "12/05/2020",
    "link_to_product": "https://profistyle.by/mashinka-dlya-strizhki-andis-ultra-advancedtm-7-nasadok-rotornaya-20w.html"
  },
  {
    "category": "Утюжки и плойки для волос",
    "create_date": "12/05/2020",
    "description": "",
    "photo_urls": "https://profistyle.by/image/cache//catalog/1ctovar/22705-500x500.jpg",
    "price": {
      "unit": 1,
      "value": 99.54
    },
    "rating": 0,
    "sub_category": 1,
    "sub_title": "",
    "title": "Триммер Andis (EASYTrim™2, набор для домашнего ухода) в Минске",
    "update_date": "12/05/2020",
    "link_to_product": "https://profistyle.by/trimmer-andis-easytrimtm2-nabor-dlya-domashnego-uhoda.html"
  }
]